customer_id,customer_name,segment,city,state,region
10001,Customer_1,Consumer,Noida,Uttar Pradesh,North
10002,Customer_2,Consumer,Pune,Maharashtra,West
10003,Customer_3,Home Office,Bhubaneswar,Odisha,East
10004,Customer_4,Corporate,Pune,Maharashtra,West
10005,Customer_5,Consumer,Pune,Maharashtra,West
10006,Customer_6,Home Office,Mumbai,Maharashtra,West
10007,Customer_7,Corporate,Bhubaneswar,Odisha,East
10008,Customer_8,Consumer,Bhubaneswar,Odisha,East
10009,Customer_9,Corporate,Bhubaneswar,Odisha,East
10010,Customer_10,Home Office,Pune,Maharashtra,West
10011,Customer_11,Consumer,Noida,Uttar Pradesh,North
10012,Customer_12,Corporate,Bhubaneswar,Odisha,East
10013,Customer_13,Consumer,Pune,Maharashtra,West
10014,Customer_14,Corporate,Mumbai,Maharashtra,West
10015,Customer_15,Home Office,Noida,Uttar Pradesh,North
10016,Customer_16,Home Office,Mumbai,Maharashtra,West
10017,Customer_17,Consumer,Noida,Uttar Pradesh,North
10018,Customer_18,Corporate,Pune,Maharashtra,West
10019,Customer_19,Consumer,Delhi,Delhi,North
10020,Customer_20,Consumer,Noida,Uttar Pradesh,North
10021,Customer_21,Corporate,Mumbai,Maharashtra,West
10022,Customer_22,Corporate,Pune,Maharashtra,West
10023,Customer_23,Corporate,Noida,Uttar Pradesh,North
10024,Customer_24,Home Office,Delhi,Delhi,North
10025,Customer_25,Consumer,Delhi,Delhi,North
10026,Customer_26,Consumer,Bhubaneswar,Odisha,East
10027,Customer_27,Home Office,Bhubaneswar,Odisha,East
10028,Customer_28,Corporate,Mumbai,Maharashtra,West
10029,Customer_29,Home Office,Noida,Uttar Pradesh,North
10030,Customer_30,Home Office,Noida,Uttar Pradesh,North
10031,Customer_31,Home Office,Bhubaneswar,Odisha,East
10032,Customer_32,Consumer,Noida,Uttar Pradesh,North
10033,Customer_33,Home Office,Noida,Uttar Pradesh,North
10034,Customer_34,Consumer,Delhi,Delhi,North
10035,Customer_35,Consumer,Bhubaneswar,Odisha,East
10036,Customer_36,Consumer,Pune,Maharashtra,West
10037,Customer_37,Corporate,Bhubaneswar,Odisha,East
10038,Customer_38,Consumer,Pune,Maharashtra,West
10039,Customer_39,Consumer,Delhi,Delhi,North
10040,Customer_40,Corporate,Mumbai,Maharashtra,West
10041,Customer_41,Consumer,Noida,Uttar Pradesh,North
10042,Customer_42,Home Office,Delhi,Delhi,North
10043,Customer_43,Home Office,Noida,Uttar Pradesh,North
10044,Customer_44,Consumer,Mumbai,Maharashtra,West
10045,Customer_45,Corporate,Mumbai,Maharashtra,West
10046,Customer_46,Home Office,Delhi,Delhi,North
10047,Customer_47,Corporate,Mumbai,Maharashtra,West
10048,Customer_48,Corporate,Pune,Maharashtra,West
10049,Customer_49,Home Office,Mumbai,Maharashtra,West
10050,Customer_50,Corporate,Noida,Uttar Pradesh,North
10051,Customer_51,Home Office,Noida,Uttar Pradesh,North
10052,Customer_52,Corporate,Noida,Uttar Pradesh,North
10053,Customer_53,Home Office,Noida,Uttar Pradesh,North
10054,Customer_54,Consumer,Pune,Maharashtra,West
10055,Customer_55,Home Office,Bhubaneswar,Odisha,East
10056,Customer_56,Home Office,Delhi,Delhi,North
10057,Customer_57,Home Office,Noida,Uttar Pradesh,North
10058,Customer_58,Home Office,Mumbai,Maharashtra,West
10059,Customer_59,Corporate,Noida,Uttar Pradesh,North
10060,Customer_60,Consumer,Mumbai,Maharashtra,West
10061,Customer_61,Home Office,Mumbai,Maharashtra,West
10062,Customer_62,Corporate,Noida,Uttar Pradesh,North
10063,Customer_63,Consumer,Pune,Maharashtra,West
10064,Customer_64,Consumer,Mumbai,Maharashtra,West
10065,Customer_65,Consumer,Mumbai,Maharashtra,West
10066,Customer_66,Consumer,Noida,Uttar Pradesh,North
10067,Customer_67,Home Office,Mumbai,Maharashtra,West
10068,Customer_68,Home Office,Mumbai,Maharashtra,West
10069,Customer_69,Corporate,Noida,Uttar Pradesh,North
10070,Customer_70,Corporate,Noida,Uttar Pradesh,North
10071,Customer_71,Corporate,Delhi,Delhi,North
10072,Customer_72,Consumer,Pune,Maharashtra,West
10073,Customer_73,Consumer,Pune,Maharashtra,West
10074,Customer_74,Home Office,Mumbai,Maharashtra,West
10075,Customer_75,Consumer,Pune,Maharashtra,West
10076,Customer_76,Consumer,Mumbai,Maharashtra,West
10077,Customer_77,Consumer,Delhi,Delhi,North
10078,Customer_78,Corporate,Noida,Uttar Pradesh,North
10079,Customer_79,Corporate,Noida,Uttar Pradesh,North
10080,Customer_80,Home Office,Noida,Uttar Pradesh,North
10081,Customer_81,Consumer,Pune,Maharashtra,West
10082,Customer_82,Consumer,Delhi,Delhi,North
10083,Customer_83,Home Office,Pune,Maharashtra,West
10084,Customer_84,Consumer,Pune,Maharashtra,West
10085,Customer_85,Consumer,Delhi,Delhi,North
10086,Customer_86,Corporate,Delhi,Delhi,North
10087,Customer_87,Home Office,Delhi,Delhi,North
10088,Customer_88,Home Office,Delhi,Delhi,North
10089,Customer_89,Home Office,Noida,Uttar Pradesh,North
10090,Customer_90,Home Office,Bhubaneswar,Odisha,East
10091,Customer_91,Corporate,Bhubaneswar,Odisha,East
10092,Customer_92,Corporate,Delhi,Delhi,North
10093,Customer_93,Consumer,Bhubaneswar,Odisha,East
10094,Customer_94,Consumer,Bhubaneswar,Odisha,East
10095,Customer_95,Consumer,Delhi,Delhi,North
10096,Customer_96,Consumer,Bhubaneswar,Odisha,East
10097,Customer_97,Corporate,Pune,Maharashtra,West
10098,Customer_98,Home Office,Mumbai,Maharashtra,West
10099,Customer_99,Corporate,Mumbai,Maharashtra,West
10100,Customer_100,Consumer,Delhi,Delhi,North
10101,Customer_101,Corporate,Noida,Uttar Pradesh,North
10102,Customer_102,Home Office,Delhi,Delhi,North
10103,Customer_103,Home Office,Noida,Uttar Pradesh,North
10104,Customer_104,Corporate,Mumbai,Maharashtra,West
10105,Customer_105,Corporate,Delhi,Delhi,North
10106,Customer_106,Corporate,Pune,Maharashtra,West
10107,Customer_107,Consumer,Bhubaneswar,Odisha,East
10108,Customer_108,Corporate,Noida,Uttar Pradesh,North
10109,Customer_109,Corporate,Bhubaneswar,Odisha,East
10110,Customer_110,Corporate,Bhubaneswar,Odisha,East
10111,Customer_111,Home Office,Delhi,Delhi,North
10112,Customer_112,Home Office,Bhubaneswar,Odisha,East
10113,Customer_113,Consumer,Pune,Maharashtra,West
10114,Customer_114,Consumer,Bhubaneswar,Odisha,East
10115,Customer_115,Home Office,Delhi,Delhi,North
10116,Customer_116,Home Office,Pune,Maharashtra,West
10117,Customer_117,Home Office,Mumbai,Maharashtra,West
10118,Customer_118,Corporate,Bhubaneswar,Odisha,East
10119,Customer_119,Corporate,Delhi,Delhi,North
10120,Customer_120,Home Office,Mumbai,Maharashtra,West
10121,Customer_121,Corporate,Mumbai,Maharashtra,West
10122,Customer_122,Corporate,Noida,Uttar Pradesh,North
10123,Customer_123,Consumer,Pune,Maharashtra,West
10124,Customer_124,Home Office,Bhubaneswar,Odisha,East
10125,Customer_125,Home Office,Delhi,Delhi,North
10126,Customer_126,Corporate,Noida,Uttar Pradesh,North
10127,Customer_127,Home Office,Pune,Maharashtra,West
10128,Customer_128,Consumer,Noida,Uttar Pradesh,North
10129,Customer_129,Consumer,Pune,Maharashtra,West
10130,Customer_130,Consumer,Pune,Maharashtra,West
10131,Customer_131,Home Office,Bhubaneswar,Odisha,East
10132,Customer_132,Home Office,Pune,Maharashtra,West
10133,Customer_133,Home Office,Noida,Uttar Pradesh,North
10134,Customer_134,Home Office,Pune,Maharashtra,West
10135,Customer_135,Home Office,Bhubaneswar,Odisha,East
10136,Customer_136,Consumer,Bhubaneswar,Odisha,East
10137,Customer_137,Corporate,Noida,Uttar Pradesh,North
10138,Customer_138,Consumer,Mumbai,Maharashtra,West
10139,Customer_139,Home Office,Mumbai,Maharashtra,West
10140,Customer_140,Consumer,Pune,Maharashtra,West
10141,Customer_141,Home Office,Delhi,Delhi,North
10142,Customer_142,Home Office,Pune,Maharashtra,West
10143,Customer_143,Consumer,Noida,Uttar Pradesh,North
10144,Customer_144,Home Office,Noida,Uttar Pradesh,North
10145,Customer_145,Corporate,Noida,Uttar Pradesh,North
10146,Customer_146,Home Office,Noida,Uttar Pradesh,North
10147,Customer_147,Corporate,Noida,Uttar Pradesh,North
10148,Customer_148,Corporate,Bhubaneswar,Odisha,East
10149,Customer_149,Home Office,Mumbai,Maharashtra,West
10150,Customer_150,Consumer,Noida,Uttar Pradesh,North
10151,Customer_151,Corporate,Delhi,Delhi,North
10152,Customer_152,Consumer,Delhi,Delhi,North
10153,Customer_153,Corporate,Delhi,Delhi,North
10154,Customer_154,Home Office,Delhi,Delhi,North
10155,Customer_155,Home Office,Bhubaneswar,Odisha,East
10156,Customer_156,Corporate,Delhi,Delhi,North
10157,Customer_157,Home Office,Noida,Uttar Pradesh,North
10158,Customer_158,Corporate,Pune,Maharashtra,West
10159,Customer_159,Home Office,Delhi,Delhi,North
10160,Customer_160,Consumer,Bhubaneswar,Odisha,East
10161,Customer_161,Home Office,Bhubaneswar,Odisha,East
10162,Customer_162,Consumer,Delhi,Delhi,North
10163,Customer_163,Home Office,Pune,Maharashtra,West
10164,Customer_164,Consumer,Delhi,Delhi,North
10165,Customer_165,Home Office,Bhubaneswar,Odisha,East
10166,Customer_166,Consumer,Mumbai,Maharashtra,West
10167,Customer_167,Corporate,Noida,Uttar Pradesh,North
10168,Customer_168,Corporate,Bhubaneswar,Odisha,East
10169,Customer_169,Consumer,Delhi,Delhi,North
10170,Customer_170,Home Office,Noida,Uttar Pradesh,North
10171,Customer_171,Consumer,Delhi,Delhi,North
10172,Customer_172,Home Office,Delhi,Delhi,North
10173,Customer_173,Corporate,Mumbai,Maharashtra,West
10174,Customer_174,Home Office,Noida,Uttar Pradesh,North
10175,Customer_175,Corporate,Noida,Uttar Pradesh,North
10176,Customer_176,Home Office,Mumbai,Maharashtra,West
10177,Customer_177,Home Office,Bhubaneswar,Odisha,East
10178,Customer_178,Home Office,Delhi,Delhi,North
10179,Customer_179,Consumer,Pune,Maharashtra,West
10180,Customer_180,Consumer,Delhi,Delhi,North
10181,Customer_181,Corporate,Delhi,Delhi,North
10182,Customer_182,Corporate,Bhubaneswar,Odisha,East
10183,Customer_183,Consumer,Delhi,Delhi,North
10184,Customer_184,Corporate,Mumbai,Maharashtra,West
10185,Customer_185,Consumer,Mumbai,Maharashtra,West
10186,Customer_186,Home Office,Noida,Uttar Pradesh,North
10187,Customer_187,Corporate,Pune,Maharashtra,West
10188,Customer_188,Corporate,Delhi,Delhi,North
10189,Customer_189,Consumer,Delhi,Delhi,North
10190,Customer_190,Corporate,Bhubaneswar,Odisha,East
10191,Customer_191,Corporate,Mumbai,Maharashtra,West
10192,Customer_192,Home Office,Pune,Maharashtra,West
10193,Customer_193,Corporate,Noida,Uttar Pradesh,North
10194,Customer_194,Home Office,Mumbai,Maharashtra,West
10195,Customer_195,Consumer,Noida,Uttar Pradesh,North
10196,Customer_196,Corporate,Bhubaneswar,Odisha,East
10197,Customer_197,Home Office,Bhubaneswar,Odisha,East
10198,Customer_198,Consumer,Delhi,Delhi,North
10199,Customer_199,Corporate,Pune,Maharashtra,West
10200,Customer_200,Consumer,Noida,Uttar Pradesh,North
10201,Customer_201,Corporate,Mumbai,Maharashtra,West
10202,Customer_202,Consumer,Bhubaneswar,Odisha,East
10203,Customer_203,Consumer,Delhi,Delhi,North
10204,Customer_204,Home Office,Delhi,Delhi,North
10205,Customer_205,Consumer,Noida,Uttar Pradesh,North
10206,Customer_206,Corporate,Bhubaneswar,Odisha,East
10207,Customer_207,Corporate,Pune,Maharashtra,West
10208,Customer_208,Home Office,Bhubaneswar,Odisha,East
10209,Customer_209,Corporate,Noida,Uttar Pradesh,North
10210,Customer_210,Corporate,Noida,Uttar Pradesh,North
10211,Customer_211,Corporate,Bhubaneswar,Odisha,East
10212,Customer_212,Consumer,Noida,Uttar Pradesh,North
10213,Customer_213,Consumer,Bhubaneswar,Odisha,East
10214,Customer_214,Corporate,Mumbai,Maharashtra,West
10215,Customer_215,Home Office,Bhubaneswar,Odisha,East
10216,Customer_216,Consumer,Bhubaneswar,Odisha,East
10217,Customer_217,Home Office,Noida,Uttar Pradesh,North
10218,Customer_218,Corporate,Noida,Uttar Pradesh,North
10219,Customer_219,Corporate,Delhi,Delhi,North
10220,Customer_220,Consumer,Delhi,Delhi,North
10221,Customer_221,Corporate,Mumbai,Maharashtra,West
10222,Customer_222,Consumer,Delhi,Delhi,North
10223,Customer_223,Corporate,Bhubaneswar,Odisha,East
10224,Customer_224,Corporate,Noida,Uttar Pradesh,North
10225,Customer_225,Consumer,Delhi,Delhi,North
10226,Customer_226,Consumer,Delhi,Delhi,North
10227,Customer_227,Consumer,Mumbai,Maharashtra,West
10228,Customer_228,Corporate,Mumbai,Maharashtra,West
10229,Customer_229,Corporate,Bhubaneswar,Odisha,East
10230,Customer_230,Home Office,Noida,Uttar Pradesh,North
10231,Customer_231,Consumer,Mumbai,Maharashtra,West
10232,Customer_232,Corporate,Delhi,Delhi,North
10233,Customer_233,Corporate,Noida,Uttar Pradesh,North
10234,Customer_234,Consumer,Noida,Uttar Pradesh,North
10235,Customer_235,Home Office,Delhi,Delhi,North
10236,Customer_236,Consumer,Mumbai,Maharashtra,West
10237,Customer_237,Home Office,Delhi,Delhi,North
10238,Customer_238,Corporate,Noida,Uttar Pradesh,North
10239,Customer_239,Home Office,Pune,Maharashtra,West
10240,Customer_240,Corporate,Pune,Maharashtra,West
10241,Customer_241,Consumer,Bhubaneswar,Odisha,East
10242,Customer_242,Consumer,Delhi,Delhi,North
10243,Customer_243,Consumer,Delhi,Delhi,North
10244,Customer_244,Home Office,Bhubaneswar,Odisha,East
10245,Customer_245,Corporate,Bhubaneswar,Odisha,East
10246,Customer_246,Consumer,Bhubaneswar,Odisha,East
10247,Customer_247,Consumer,Noida,Uttar Pradesh,North
10248,Customer_248,Corporate,Delhi,Delhi,North
10249,Customer_249,Consumer,Noida,Uttar Pradesh,North
10250,Customer_250,Corporate,Bhubaneswar,Odisha,East
10251,Customer_251,Corporate,Delhi,Delhi,North
10252,Customer_252,Corporate,Noida,Uttar Pradesh,North
10253,Customer_253,Corporate,Noida,Uttar Pradesh,North
10254,Customer_254,Corporate,Bhubaneswar,Odisha,East
10255,Customer_255,Home Office,Delhi,Delhi,North
10256,Customer_256,Consumer,Bhubaneswar,Odisha,East
10257,Customer_257,Home Office,Delhi,Delhi,North
10258,Customer_258,Consumer,Pune,Maharashtra,West
10259,Customer_259,Home Office,Mumbai,Maharashtra,West
10260,Customer_260,Corporate,Mumbai,Maharashtra,West
10261,Customer_261,Consumer,Mumbai,Maharashtra,West
10262,Customer_262,Consumer,Bhubaneswar,Odisha,East
10263,Customer_263,Home Office,Pune,Maharashtra,West
10264,Customer_264,Home Office,Delhi,Delhi,North
10265,Customer_265,Consumer,Noida,Uttar Pradesh,North
10266,Customer_266,Home Office,Delhi,Delhi,North
10267,Customer_267,Home Office,Noida,Uttar Pradesh,North
10268,Customer_268,Home Office,Delhi,Delhi,North
10269,Customer_269,Corporate,Pune,Maharashtra,West
10270,Customer_270,Corporate,Noida,Uttar Pradesh,North
10271,Customer_271,Home Office,Bhubaneswar,Odisha,East
10272,Customer_272,Home Office,Delhi,Delhi,North
10273,Customer_273,Corporate,Delhi,Delhi,North
10274,Customer_274,Corporate,Noida,Uttar Pradesh,North
10275,Customer_275,Consumer,Bhubaneswar,Odisha,East
10276,Customer_276,Consumer,Bhubaneswar,Odisha,East
10277,Customer_277,Corporate,Pune,Maharashtra,West
10278,Customer_278,Home Office,Bhubaneswar,Odisha,East
10279,Customer_279,Home Office,Bhubaneswar,Odisha,East
10280,Customer_280,Home Office,Bhubaneswar,Odisha,East
10281,Customer_281,Home Office,Mumbai,Maharashtra,West
10282,Customer_282,Consumer,Pune,Maharashtra,West
10283,Customer_283,Corporate,Delhi,Delhi,North
10284,Customer_284,Home Office,Noida,Uttar Pradesh,North
10285,Customer_285,Consumer,Delhi,Delhi,North
10286,Customer_286,Home Office,Pune,Maharashtra,West
10287,Customer_287,Corporate,Noida,Uttar Pradesh,North
10288,Customer_288,Consumer,Pune,Maharashtra,West
10289,Customer_289,Corporate,Bhubaneswar,Odisha,East
10290,Customer_290,Corporate,Noida,Uttar Pradesh,North
10291,Customer_291,Consumer,Bhubaneswar,Odisha,East
10292,Customer_292,Consumer,Delhi,Delhi,North
10293,Customer_293,Consumer,Delhi,Delhi,North
10294,Customer_294,Consumer,Noida,Uttar Pradesh,North
10295,Customer_295,Consumer,Noida,Uttar Pradesh,North
10296,Customer_296,Consumer,Pune,Maharashtra,West
10297,Customer_297,Consumer,Pune,Maharashtra,West
10298,Customer_298,Home Office,Bhubaneswar,Odisha,East
10299,Customer_299,Corporate,Noida,Uttar Pradesh,North
10300,Customer_300,Consumer,Delhi,Delhi,North
10301,Customer_301,Home Office,Pune,Maharashtra,West
10302,Customer_302,Home Office,Pune,Maharashtra,West
10303,Customer_303,Home Office,Delhi,Delhi,North
10304,Customer_304,Corporate,Pune,Maharashtra,West
10305,Customer_305,Consumer,Bhubaneswar,Odisha,East
10306,Customer_306,Home Office,Noida,Uttar Pradesh,North
10307,Customer_307,Corporate,Delhi,Delhi,North
10308,Customer_308,Corporate,Noida,Uttar Pradesh,North
10309,Customer_309,Corporate,Pune,Maharashtra,West
10310,Customer_310,Home Office,Pune,Maharashtra,West
10311,Customer_311,Consumer,Delhi,Delhi,North
10312,Customer_312,Home Office,Bhubaneswar,Odisha,East
10313,Customer_313,Home Office,Mumbai,Maharashtra,West
10314,Customer_314,Consumer,Delhi,Delhi,North
10315,Customer_315,Consumer,Mumbai,Maharashtra,West
10316,Customer_316,Consumer,Mumbai,Maharashtra,West
10317,Customer_317,Corporate,Bhubaneswar,Odisha,East
10318,Customer_318,Consumer,Mumbai,Maharashtra,West
10319,Customer_319,Home Office,Mumbai,Maharashtra,West
10320,Customer_320,Consumer,Bhubaneswar,Odisha,East
10321,Customer_321,Home Office,Mumbai,Maharashtra,West
10322,Customer_322,Corporate,Mumbai,Maharashtra,West
10323,Customer_323,Home Office,Mumbai,Maharashtra,West
10324,Customer_324,Home Office,Delhi,Delhi,North
10325,Customer_325,Consumer,Delhi,Delhi,North
10326,Customer_326,Consumer,Delhi,Delhi,North
10327,Customer_327,Home Office,Bhubaneswar,Odisha,East
10328,Customer_328,Consumer,Pune,Maharashtra,West
10329,Customer_329,Corporate,Mumbai,Maharashtra,West
10330,Customer_330,Corporate,Mumbai,Maharashtra,West
10331,Customer_331,Consumer,Bhubaneswar,Odisha,East
10332,Customer_332,Corporate,Mumbai,Maharashtra,West
10333,Customer_333,Consumer,Delhi,Delhi,North
10334,Customer_334,Home Office,Pune,Maharashtra,West
10335,Customer_335,Home Office,Noida,Uttar Pradesh,North
10336,Customer_336,Corporate,Mumbai,Maharashtra,West
10337,Customer_337,Consumer,Delhi,Delhi,North
10338,Customer_338,Consumer,Noida,Uttar Pradesh,North
10339,Customer_339,Corporate,Pune,Maharashtra,West
10340,Customer_340,Home Office,Noida,Uttar Pradesh,North
10341,Customer_341,Corporate,Delhi,Delhi,North
10342,Customer_342,Home Office,Noida,Uttar Pradesh,North
10343,Customer_343,Consumer,Bhubaneswar,Odisha,East
10344,Customer_344,Home Office,Noida,Uttar Pradesh,North
10345,Customer_345,Corporate,Mumbai,Maharashtra,West
10346,Customer_346,Consumer,Mumbai,Maharashtra,West
10347,Customer_347,Corporate,Bhubaneswar,Odisha,East
10348,Customer_348,Corporate,Delhi,Delhi,North
10349,Customer_349,Home Office,Mumbai,Maharashtra,West
10350,Customer_350,Corporate,Pune,Maharashtra,West
10351,Customer_351,Home Office,Mumbai,Maharashtra,West
10352,Customer_352,Consumer,Mumbai,Maharashtra,West
10353,Customer_353,Home Office,Delhi,Delhi,North
10354,Customer_354,Consumer,Noida,Uttar Pradesh,North
10355,Customer_355,Home Office,Mumbai,Maharashtra,West
10356,Customer_356,Corporate,Bhubaneswar,Odisha,East
10357,Customer_357,Home Office,Noida,Uttar Pradesh,North
10358,Customer_358,Home Office,Pune,Maharashtra,West
10359,Customer_359,Consumer,Delhi,Delhi,North
10360,Customer_360,Corporate,Pune,Maharashtra,West
10361,Customer_361,Home Office,Noida,Uttar Pradesh,North
10362,Customer_362,Corporate,Noida,Uttar Pradesh,North
10363,Customer_363,Home Office,Noida,Uttar Pradesh,North
10364,Customer_364,Home Office,Pune,Maharashtra,West
10365,Customer_365,Corporate,Noida,Uttar Pradesh,North
10366,Customer_366,Home Office,Pune,Maharashtra,West
10367,Customer_367,Corporate,Noida,Uttar Pradesh,North
10368,Customer_368,Home Office,Bhubaneswar,Odisha,East
10369,Customer_369,Consumer,Noida,Uttar Pradesh,North
10370,Customer_370,Corporate,Pune,Maharashtra,West
10371,Customer_371,Home Office,Mumbai,Maharashtra,West
10372,Customer_372,Home Office,Noida,Uttar Pradesh,North
10373,Customer_373,Consumer,Mumbai,Maharashtra,West
10374,Customer_374,Corporate,Bhubaneswar,Odisha,East
10375,Customer_375,Home Office,Delhi,Delhi,North
10376,Customer_376,Consumer,Bhubaneswar,Odisha,East
10377,Customer_377,Home Office,Noida,Uttar Pradesh,North
10378,Customer_378,Corporate,Mumbai,Maharashtra,West
10379,Customer_379,Home Office,Mumbai,Maharashtra,West
10380,Customer_380,Home Office,Pune,Maharashtra,West
10381,Customer_381,Home Office,Mumbai,Maharashtra,West
10382,Customer_382,Home Office,Pune,Maharashtra,West
10383,Customer_383,Consumer,Delhi,Delhi,North
10384,Customer_384,Consumer,Noida,Uttar Pradesh,North
10385,Customer_385,Corporate,Pune,Maharashtra,West
10386,Customer_386,Consumer,Delhi,Delhi,North
10387,Customer_387,Consumer,Mumbai,Maharashtra,West
10388,Customer_388,Corporate,Mumbai,Maharashtra,West
10389,Customer_389,Consumer,Delhi,Delhi,North
10390,Customer_390,Consumer,Mumbai,Maharashtra,West
10391,Customer_391,Corporate,Delhi,Delhi,North
10392,Customer_392,Corporate,Pune,Maharashtra,West
10393,Customer_393,Corporate,Pune,Maharashtra,West
10394,Customer_394,Home Office,Delhi,Delhi,North
10395,Customer_395,Home Office,Pune,Maharashtra,West
10396,Customer_396,Corporate,Pune,Maharashtra,West
10397,Customer_397,Corporate,Pune,Maharashtra,West
10398,Customer_398,Corporate,Bhubaneswar,Odisha,East
10399,Customer_399,Home Office,Noida,Uttar Pradesh,North
10400,Customer_400,Home Office,Mumbai,Maharashtra,West
10401,Customer_401,Consumer,Bhubaneswar,Odisha,East
10402,Customer_402,Consumer,Pune,Maharashtra,West
10403,Customer_403,Corporate,Delhi,Delhi,North
10404,Customer_404,Home Office,Pune,Maharashtra,West
10405,Customer_405,Home Office,Noida,Uttar Pradesh,North
10406,Customer_406,Home Office,Pune,Maharashtra,West
10407,Customer_407,Corporate,Delhi,Delhi,North
10408,Customer_408,Consumer,Noida,Uttar Pradesh,North
10409,Customer_409,Corporate,Pune,Maharashtra,West
10410,Customer_410,Consumer,Noida,Uttar Pradesh,North
10411,Customer_411,Consumer,Mumbai,Maharashtra,West
10412,Customer_412,Corporate,Mumbai,Maharashtra,West
10413,Customer_413,Consumer,Pune,Maharashtra,West
10414,Customer_414,Consumer,Noida,Uttar Pradesh,North
10415,Customer_415,Home Office,Delhi,Delhi,North
10416,Customer_416,Consumer,Pune,Maharashtra,West
10417,Customer_417,Corporate,Mumbai,Maharashtra,West
10418,Customer_418,Corporate,Mumbai,Maharashtra,West
10419,Customer_419,Consumer,Pune,Maharashtra,West
10420,Customer_420,Home Office,Noida,Uttar Pradesh,North
10421,Customer_421,Home Office,Mumbai,Maharashtra,West
10422,Customer_422,Consumer,Noida,Uttar Pradesh,North
10423,Customer_423,Consumer,Mumbai,Maharashtra,West
10424,Customer_424,Corporate,Mumbai,Maharashtra,West
10425,Customer_425,Consumer,Bhubaneswar,Odisha,East
10426,Customer_426,Home Office,Mumbai,Maharashtra,West
10427,Customer_427,Consumer,Delhi,Delhi,North
10428,Customer_428,Corporate,Pune,Maharashtra,West
10429,Customer_429,Corporate,Pune,Maharashtra,West
10430,Customer_430,Corporate,Noida,Uttar Pradesh,North
10431,Customer_431,Corporate,Mumbai,Maharashtra,West
10432,Customer_432,Corporate,Delhi,Delhi,North
10433,Customer_433,Consumer,Noida,Uttar Pradesh,North
10434,Customer_434,Consumer,Bhubaneswar,Odisha,East
10435,Customer_435,Consumer,Noida,Uttar Pradesh,North
10436,Customer_436,Consumer,Noida,Uttar Pradesh,North
10437,Customer_437,Corporate,Mumbai,Maharashtra,West
10438,Customer_438,Home Office,Bhubaneswar,Odisha,East
10439,Customer_439,Consumer,Noida,Uttar Pradesh,North
10440,Customer_440,Home Office,Delhi,Delhi,North
10441,Customer_441,Consumer,Delhi,Delhi,North
10442,Customer_442,Consumer,Pune,Maharashtra,West
10443,Customer_443,Home Office,Bhubaneswar,Odisha,East
10444,Customer_444,Corporate,Bhubaneswar,Odisha,East
10445,Customer_445,Consumer,Pune,Maharashtra,West
10446,Customer_446,Consumer,Noida,Uttar Pradesh,North
10447,Customer_447,Consumer,Bhubaneswar,Odisha,East
10448,Customer_448,Home Office,Delhi,Delhi,North
10449,Customer_449,Corporate,Delhi,Delhi,North
10450,Customer_450,Home Office,Mumbai,Maharashtra,West
10451,Customer_451,Home Office,Bhubaneswar,Odisha,East
10452,Customer_452,Corporate,Noida,Uttar Pradesh,North
10453,Customer_453,Home Office,Pune,Maharashtra,West
10454,Customer_454,Corporate,Pune,Maharashtra,West
10455,Customer_455,Consumer,Noida,Uttar Pradesh,North
10456,Customer_456,Corporate,Mumbai,Maharashtra,West
10457,Customer_457,Consumer,Pune,Maharashtra,West
10458,Customer_458,Home Office,Bhubaneswar,Odisha,East
10459,Customer_459,Home Office,Mumbai,Maharashtra,West
10460,Customer_460,Consumer,Bhubaneswar,Odisha,East
10461,Customer_461,Home Office,Delhi,Delhi,North
10462,Customer_462,Corporate,Mumbai,Maharashtra,West
10463,Customer_463,Consumer,Pune,Maharashtra,West
10464,Customer_464,Home Office,Mumbai,Maharashtra,West
10465,Customer_465,Consumer,Mumbai,Maharashtra,West
10466,Customer_466,Corporate,Mumbai,Maharashtra,West
10467,Customer_467,Corporate,Mumbai,Maharashtra,West
10468,Customer_468,Home Office,Bhubaneswar,Odisha,East
10469,Customer_469,Corporate,Delhi,Delhi,North
10470,Customer_470,Consumer,Noida,Uttar Pradesh,North
10471,Customer_471,Corporate,Mumbai,Maharashtra,West
10472,Customer_472,Consumer,Pune,Maharashtra,West
10473,Customer_473,Consumer,Mumbai,Maharashtra,West
10474,Customer_474,Corporate,Pune,Maharashtra,West
10475,Customer_475,Home Office,Bhubaneswar,Odisha,East
10476,Customer_476,Corporate,Pune,Maharashtra,West
10477,Customer_477,Consumer,Noida,Uttar Pradesh,North
10478,Customer_478,Consumer,Delhi,Delhi,North
10479,Customer_479,Corporate,Pune,Maharashtra,West
10480,Customer_480,Home Office,Pune,Maharashtra,West
10481,Customer_481,Home Office,Delhi,Delhi,North
10482,Customer_482,Consumer,Noida,Uttar Pradesh,North
10483,Customer_483,Consumer,Mumbai,Maharashtra,West
10484,Customer_484,Home Office,Pune,Maharashtra,West
10485,Customer_485,Corporate,Delhi,Delhi,North
10486,Customer_486,Consumer,Bhubaneswar,Odisha,East
10487,Customer_487,Consumer,Delhi,Delhi,North
10488,Customer_488,Home Office,Bhubaneswar,Odisha,East
10489,Customer_489,Corporate,Noida,Uttar Pradesh,North
10490,Customer_490,Home Office,Mumbai,Maharashtra,West
10491,Customer_491,Corporate,Delhi,Delhi,North
10492,Customer_492,Corporate,Pune,Maharashtra,West
10493,Customer_493,Corporate,Noida,Uttar Pradesh,North
10494,Customer_494,Consumer,Delhi,Delhi,North
10495,Customer_495,Home Office,Pune,Maharashtra,West
10496,Customer_496,Home Office,Delhi,Delhi,North
10497,Customer_497,Corporate,Bhubaneswar,Odisha,East
10498,Customer_498,Consumer,Delhi,Delhi,North
10499,Customer_499,Consumer,Delhi,Delhi,North
10500,Customer_500,Home Office,Delhi,Delhi,North
10501,Customer_501,Consumer,Noida,Uttar Pradesh,North
10502,Customer_502,Consumer,Delhi,Delhi,North
10503,Customer_503,Corporate,Pune,Maharashtra,West
10504,Customer_504,Consumer,Bhubaneswar,Odisha,East
10505,Customer_505,Corporate,Bhubaneswar,Odisha,East
10506,Customer_506,Home Office,Delhi,Delhi,North
10507,Customer_507,Consumer,Noida,Uttar Pradesh,North
10508,Customer_508,Home Office,Noida,Uttar Pradesh,North
10509,Customer_509,Home Office,Pune,Maharashtra,West
10510,Customer_510,Consumer,Delhi,Delhi,North
10511,Customer_511,Consumer,Bhubaneswar,Odisha,East
10512,Customer_512,Home Office,Noida,Uttar Pradesh,North
10513,Customer_513,Consumer,Delhi,Delhi,North
10514,Customer_514,Corporate,Noida,Uttar Pradesh,North
10515,Customer_515,Corporate,Noida,Uttar Pradesh,North
10516,Customer_516,Consumer,Bhubaneswar,Odisha,East
10517,Customer_517,Home Office,Mumbai,Maharashtra,West
10518,Customer_518,Consumer,Pune,Maharashtra,West
10519,Customer_519,Consumer,Pune,Maharashtra,West
10520,Customer_520,Home Office,Bhubaneswar,Odisha,East
10521,Customer_521,Home Office,Noida,Uttar Pradesh,North
10522,Customer_522,Corporate,Delhi,Delhi,North
10523,Customer_523,Home Office,Noida,Uttar Pradesh,North
10524,Customer_524,Corporate,Bhubaneswar,Odisha,East
10525,Customer_525,Home Office,Pune,Maharashtra,West
10526,Customer_526,Consumer,Noida,Uttar Pradesh,North
10527,Customer_527,Corporate,Pune,Maharashtra,West
10528,Customer_528,Corporate,Delhi,Delhi,North
10529,Customer_529,Corporate,Pune,Maharashtra,West
10530,Customer_530,Consumer,Pune,Maharashtra,West
10531,Customer_531,Consumer,Mumbai,Maharashtra,West
10532,Customer_532,Consumer,Mumbai,Maharashtra,West
10533,Customer_533,Consumer,Mumbai,Maharashtra,West
10534,Customer_534,Consumer,Pune,Maharashtra,West
10535,Customer_535,Corporate,Bhubaneswar,Odisha,East
10536,Customer_536,Consumer,Pune,Maharashtra,West
10537,Customer_537,Corporate,Bhubaneswar,Odisha,East
10538,Customer_538,Consumer,Bhubaneswar,Odisha,East
10539,Customer_539,Home Office,Mumbai,Maharashtra,West
10540,Customer_540,Corporate,Noida,Uttar Pradesh,North
10541,Customer_541,Home Office,Delhi,Delhi,North
10542,Customer_542,Corporate,Mumbai,Maharashtra,West
10543,Customer_543,Home Office,Mumbai,Maharashtra,West
10544,Customer_544,Consumer,Noida,Uttar Pradesh,North
10545,Customer_545,Consumer,Delhi,Delhi,North
10546,Customer_546,Consumer,Pune,Maharashtra,West
10547,Customer_547,Corporate,Pune,Maharashtra,West
10548,Customer_548,Home Office,Mumbai,Maharashtra,West
10549,Customer_549,Consumer,Delhi,Delhi,North
10550,Customer_550,Home Office,Mumbai,Maharashtra,West
10551,Customer_551,Home Office,Bhubaneswar,Odisha,East
10552,Customer_552,Consumer,Mumbai,Maharashtra,West
10553,Customer_553,Consumer,Mumbai,Maharashtra,West
10554,Customer_554,Home Office,Pune,Maharashtra,West
10555,Customer_555,Consumer,Pune,Maharashtra,West
10556,Customer_556,Consumer,Pune,Maharashtra,West
10557,Customer_557,Consumer,Bhubaneswar,Odisha,East
10558,Customer_558,Corporate,Pune,Maharashtra,West
10559,Customer_559,Home Office,Delhi,Delhi,North
10560,Customer_560,Home Office,Noida,Uttar Pradesh,North
10561,Customer_561,Corporate,Delhi,Delhi,North
10562,Customer_562,Home Office,Delhi,Delhi,North
10563,Customer_563,Consumer,Pune,Maharashtra,West
10564,Customer_564,Home Office,Noida,Uttar Pradesh,North
10565,Customer_565,Consumer,Noida,Uttar Pradesh,North
10566,Customer_566,Corporate,Noida,Uttar Pradesh,North
10567,Customer_567,Consumer,Bhubaneswar,Odisha,East
10568,Customer_568,Home Office,Pune,Maharashtra,West
10569,Customer_569,Home Office,Noida,Uttar Pradesh,North
10570,Customer_570,Home Office,Bhubaneswar,Odisha,East
10571,Customer_571,Corporate,Mumbai,Maharashtra,West
10572,Customer_572,Corporate,Mumbai,Maharashtra,West
10573,Customer_573,Home Office,Bhubaneswar,Odisha,East
10574,Customer_574,Consumer,Bhubaneswar,Odisha,East
10575,Customer_575,Corporate,Pune,Maharashtra,West
10576,Customer_576,Home Office,Pune,Maharashtra,West
10577,Customer_577,Home Office,Mumbai,Maharashtra,West
10578,Customer_578,Corporate,Noida,Uttar Pradesh,North
10579,Customer_579,Corporate,Mumbai,Maharashtra,West
10580,Customer_580,Corporate,Noida,Uttar Pradesh,North
10581,Customer_581,Consumer,Noida,Uttar Pradesh,North
10582,Customer_582,Consumer,Pune,Maharashtra,West
10583,Customer_583,Home Office,Delhi,Delhi,North
10584,Customer_584,Corporate,Delhi,Delhi,North
10585,Customer_585,Consumer,Bhubaneswar,Odisha,East
10586,Customer_586,Corporate,Pune,Maharashtra,West
10587,Customer_587,Home Office,Noida,Uttar Pradesh,North
10588,Customer_588,Consumer,Delhi,Delhi,North
10589,Customer_589,Consumer,Noida,Uttar Pradesh,North
10590,Customer_590,Consumer,Delhi,Delhi,North
10591,Customer_591,Home Office,Delhi,Delhi,North
10592,Customer_592,Corporate,Delhi,Delhi,North
10593,Customer_593,Consumer,Pune,Maharashtra,West
10594,Customer_594,Home Office,Mumbai,Maharashtra,West
10595,Customer_595,Corporate,Noida,Uttar Pradesh,North
10596,Customer_596,Home Office,Pune,Maharashtra,West
10597,Customer_597,Corporate,Pune,Maharashtra,West
10598,Customer_598,Home Office,Pune,Maharashtra,West
10599,Customer_599,Corporate,Pune,Maharashtra,West
10600,Customer_600,Consumer,Pune,Maharashtra,West
10601,Customer_601,Corporate,Bhubaneswar,Odisha,East
10602,Customer_602,Home Office,Noida,Uttar Pradesh,North
10603,Customer_603,Home Office,Pune,Maharashtra,West
10604,Customer_604,Corporate,Noida,Uttar Pradesh,North
10605,Customer_605,Consumer,Bhubaneswar,Odisha,East
10606,Customer_606,Consumer,Bhubaneswar,Odisha,East
10607,Customer_607,Corporate,Noida,Uttar Pradesh,North
10608,Customer_608,Corporate,Delhi,Delhi,North
10609,Customer_609,Home Office,Mumbai,Maharashtra,West
10610,Customer_610,Consumer,Delhi,Delhi,North
10611,Customer_611,Corporate,Delhi,Delhi,North
10612,Customer_612,Consumer,Delhi,Delhi,North
10613,Customer_613,Corporate,Pune,Maharashtra,West
10614,Customer_614,Corporate,Bhubaneswar,Odisha,East
10615,Customer_615,Consumer,Delhi,Delhi,North
10616,Customer_616,Corporate,Bhubaneswar,Odisha,East
10617,Customer_617,Corporate,Noida,Uttar Pradesh,North
10618,Customer_618,Home Office,Mumbai,Maharashtra,West
10619,Customer_619,Corporate,Noida,Uttar Pradesh,North
10620,Customer_620,Corporate,Noida,Uttar Pradesh,North
10621,Customer_621,Corporate,Pune,Maharashtra,West
10622,Customer_622,Home Office,Mumbai,Maharashtra,West
10623,Customer_623,Consumer,Noida,Uttar Pradesh,North
10624,Customer_624,Home Office,Noida,Uttar Pradesh,North
10625,Customer_625,Home Office,Mumbai,Maharashtra,West
10626,Customer_626,Consumer,Mumbai,Maharashtra,West
10627,Customer_627,Home Office,Noida,Uttar Pradesh,North
10628,Customer_628,Consumer,Mumbai,Maharashtra,West
10629,Customer_629,Home Office,Noida,Uttar Pradesh,North
10630,Customer_630,Consumer,Noida,Uttar Pradesh,North
10631,Customer_631,Corporate,Pune,Maharashtra,West
10632,Customer_632,Home Office,Delhi,Delhi,North
10633,Customer_633,Home Office,Noida,Uttar Pradesh,North
10634,Customer_634,Home Office,Bhubaneswar,Odisha,East
10635,Customer_635,Home Office,Delhi,Delhi,North
10636,Customer_636,Corporate,Delhi,Delhi,North
10637,Customer_637,Home Office,Delhi,Delhi,North
10638,Customer_638,Corporate,Pune,Maharashtra,West
10639,Customer_639,Corporate,Noida,Uttar Pradesh,North
10640,Customer_640,Corporate,Pune,Maharashtra,West
10641,Customer_641,Corporate,Noida,Uttar Pradesh,North
10642,Customer_642,Consumer,Pune,Maharashtra,West
10643,Customer_643,Consumer,Pune,Maharashtra,West
10644,Customer_644,Home Office,Bhubaneswar,Odisha,East
10645,Customer_645,Consumer,Pune,Maharashtra,West
10646,Customer_646,Consumer,Mumbai,Maharashtra,West
10647,Customer_647,Home Office,Bhubaneswar,Odisha,East
10648,Customer_648,Home Office,Pune,Maharashtra,West
10649,Customer_649,Home Office,Delhi,Delhi,North
10650,Customer_650,Consumer,Mumbai,Maharashtra,West
10651,Customer_651,Consumer,Mumbai,Maharashtra,West
10652,Customer_652,Home Office,Mumbai,Maharashtra,West
10653,Customer_653,Corporate,Bhubaneswar,Odisha,East
10654,Customer_654,Home Office,Pune,Maharashtra,West
10655,Customer_655,Corporate,Pune,Maharashtra,West
10656,Customer_656,Corporate,Delhi,Delhi,North
10657,Customer_657,Home Office,Delhi,Delhi,North
10658,Customer_658,Home Office,Mumbai,Maharashtra,West
10659,Customer_659,Home Office,Delhi,Delhi,North
10660,Customer_660,Consumer,Bhubaneswar,Odisha,East
10661,Customer_661,Corporate,Pune,Maharashtra,West
10662,Customer_662,Consumer,Mumbai,Maharashtra,West
10663,Customer_663,Consumer,Delhi,Delhi,North
10664,Customer_664,Home Office,Bhubaneswar,Odisha,East
10665,Customer_665,Consumer,Bhubaneswar,Odisha,East
10666,Customer_666,Home Office,Delhi,Delhi,North
10667,Customer_667,Corporate,Pune,Maharashtra,West
10668,Customer_668,Home Office,Delhi,Delhi,North
10669,Customer_669,Consumer,Mumbai,Maharashtra,West
10670,Customer_670,Consumer,Delhi,Delhi,North
10671,Customer_671,Home Office,Bhubaneswar,Odisha,East
10672,Customer_672,Home Office,Delhi,Delhi,North
10673,Customer_673,Consumer,Pune,Maharashtra,West
10674,Customer_674,Corporate,Noida,Uttar Pradesh,North
10675,Customer_675,Corporate,Delhi,Delhi,North
10676,Customer_676,Home Office,Pune,Maharashtra,West
10677,Customer_677,Corporate,Pune,Maharashtra,West
10678,Customer_678,Consumer,Bhubaneswar,Odisha,East
10679,Customer_679,Home Office,Pune,Maharashtra,West
10680,Customer_680,Consumer,Pune,Maharashtra,West
10681,Customer_681,Consumer,Pune,Maharashtra,West
10682,Customer_682,Corporate,Pune,Maharashtra,West
10683,Customer_683,Home Office,Mumbai,Maharashtra,West
10684,Customer_684,Home Office,Mumbai,Maharashtra,West
10685,Customer_685,Corporate,Bhubaneswar,Odisha,East
10686,Customer_686,Consumer,Delhi,Delhi,North
10687,Customer_687,Consumer,Pune,Maharashtra,West
10688,Customer_688,Consumer,Delhi,Delhi,North
10689,Customer_689,Consumer,Delhi,Delhi,North
10690,Customer_690,Home Office,Bhubaneswar,Odisha,East
10691,Customer_691,Home Office,Pune,Maharashtra,West
10692,Customer_692,Corporate,Pune,Maharashtra,West
10693,Customer_693,Corporate,Noida,Uttar Pradesh,North
10694,Customer_694,Home Office,Delhi,Delhi,North
10695,Customer_695,Home Office,Delhi,Delhi,North
10696,Customer_696,Consumer,Mumbai,Maharashtra,West
10697,Customer_697,Consumer,Noida,Uttar Pradesh,North
10698,Customer_698,Corporate,Mumbai,Maharashtra,West
10699,Customer_699,Home Office,Mumbai,Maharashtra,West
10700,Customer_700,Corporate,Mumbai,Maharashtra,West
10701,Customer_701,Home Office,Bhubaneswar,Odisha,East
10702,Customer_702,Consumer,Bhubaneswar,Odisha,East
10703,Customer_703,Corporate,Mumbai,Maharashtra,West
10704,Customer_704,Corporate,Noida,Uttar Pradesh,North
10705,Customer_705,Home Office,Delhi,Delhi,North
10706,Customer_706,Consumer,Noida,Uttar Pradesh,North
10707,Customer_707,Corporate,Pune,Maharashtra,West
10708,Customer_708,Consumer,Bhubaneswar,Odisha,East
10709,Customer_709,Corporate,Delhi,Delhi,North
10710,Customer_710,Consumer,Delhi,Delhi,North
10711,Customer_711,Home Office,Pune,Maharashtra,West
10712,Customer_712,Corporate,Pune,Maharashtra,West
10713,Customer_713,Corporate,Mumbai,Maharashtra,West
10714,Customer_714,Consumer,Bhubaneswar,Odisha,East
10715,Customer_715,Consumer,Bhubaneswar,Odisha,East
10716,Customer_716,Corporate,Noida,Uttar Pradesh,North
10717,Customer_717,Home Office,Mumbai,Maharashtra,West
10718,Customer_718,Consumer,Mumbai,Maharashtra,West
10719,Customer_719,Consumer,Mumbai,Maharashtra,West
10720,Customer_720,Consumer,Mumbai,Maharashtra,West
10721,Customer_721,Corporate,Bhubaneswar,Odisha,East
10722,Customer_722,Corporate,Bhubaneswar,Odisha,East
10723,Customer_723,Corporate,Mumbai,Maharashtra,West
10724,Customer_724,Corporate,Noida,Uttar Pradesh,North
10725,Customer_725,Home Office,Delhi,Delhi,North
10726,Customer_726,Home Office,Delhi,Delhi,North
10727,Customer_727,Corporate,Noida,Uttar Pradesh,North
10728,Customer_728,Home Office,Mumbai,Maharashtra,West
10729,Customer_729,Consumer,Bhubaneswar,Odisha,East
10730,Customer_730,Consumer,Delhi,Delhi,North
10731,Customer_731,Consumer,Pune,Maharashtra,West
10732,Customer_732,Corporate,Pune,Maharashtra,West
10733,Customer_733,Consumer,Noida,Uttar Pradesh,North
10734,Customer_734,Home Office,Mumbai,Maharashtra,West
10735,Customer_735,Corporate,Delhi,Delhi,North
10736,Customer_736,Home Office,Mumbai,Maharashtra,West
10737,Customer_737,Consumer,Delhi,Delhi,North
10738,Customer_738,Consumer,Noida,Uttar Pradesh,North
10739,Customer_739,Consumer,Noida,Uttar Pradesh,North
10740,Customer_740,Corporate,Pune,Maharashtra,West
10741,Customer_741,Home Office,Mumbai,Maharashtra,West
10742,Customer_742,Corporate,Pune,Maharashtra,West
10743,Customer_743,Corporate,Mumbai,Maharashtra,West
10744,Customer_744,Consumer,Pune,Maharashtra,West
10745,Customer_745,Corporate,Bhubaneswar,Odisha,East
10746,Customer_746,Corporate,Bhubaneswar,Odisha,East
10747,Customer_747,Consumer,Bhubaneswar,Odisha,East
10748,Customer_748,Corporate,Bhubaneswar,Odisha,East
10749,Customer_749,Consumer,Delhi,Delhi,North
10750,Customer_750,Consumer,Bhubaneswar,Odisha,East
10751,Customer_751,Consumer,Noida,Uttar Pradesh,North
10752,Customer_752,Consumer,Noida,Uttar Pradesh,North
10753,Customer_753,Corporate,Delhi,Delhi,North
10754,Customer_754,Consumer,Bhubaneswar,Odisha,East
10755,Customer_755,Consumer,Bhubaneswar,Odisha,East
10756,Customer_756,Corporate,Bhubaneswar,Odisha,East
10757,Customer_757,Corporate,Pune,Maharashtra,West
10758,Customer_758,Home Office,Mumbai,Maharashtra,West
10759,Customer_759,Corporate,Pune,Maharashtra,West
10760,Customer_760,Corporate,Mumbai,Maharashtra,West
10761,Customer_761,Home Office,Bhubaneswar,Odisha,East
10762,Customer_762,Corporate,Bhubaneswar,Odisha,East
10763,Customer_763,Corporate,Pune,Maharashtra,West
10764,Customer_764,Corporate,Pune,Maharashtra,West
10765,Customer_765,Corporate,Mumbai,Maharashtra,West
10766,Customer_766,Home Office,Noida,Uttar Pradesh,North
10767,Customer_767,Corporate,Mumbai,Maharashtra,West
10768,Customer_768,Corporate,Pune,Maharashtra,West
10769,Customer_769,Home Office,Pune,Maharashtra,West
10770,Customer_770,Consumer,Delhi,Delhi,North
10771,Customer_771,Home Office,Pune,Maharashtra,West
10772,Customer_772,Consumer,Delhi,Delhi,North
10773,Customer_773,Home Office,Noida,Uttar Pradesh,North
10774,Customer_774,Home Office,Mumbai,Maharashtra,West
10775,Customer_775,Corporate,Mumbai,Maharashtra,West
10776,Customer_776,Consumer,Delhi,Delhi,North
10777,Customer_777,Corporate,Mumbai,Maharashtra,West
10778,Customer_778,Consumer,Pune,Maharashtra,West
10779,Customer_779,Home Office,Bhubaneswar,Odisha,East
10780,Customer_780,Home Office,Delhi,Delhi,North
10781,Customer_781,Consumer,Mumbai,Maharashtra,West
10782,Customer_782,Corporate,Delhi,Delhi,North
10783,Customer_783,Corporate,Delhi,Delhi,North
10784,Customer_784,Corporate,Bhubaneswar,Odisha,East
10785,Customer_785,Corporate,Pune,Maharashtra,West
10786,Customer_786,Home Office,Delhi,Delhi,North
10787,Customer_787,Home Office,Mumbai,Maharashtra,West
10788,Customer_788,Home Office,Noida,Uttar Pradesh,North
10789,Customer_789,Home Office,Delhi,Delhi,North
10790,Customer_790,Home Office,Delhi,Delhi,North
10791,Customer_791,Corporate,Bhubaneswar,Odisha,East
10792,Customer_792,Corporate,Pune,Maharashtra,West
10793,Customer_793,Corporate,Noida,Uttar Pradesh,North
10794,Customer_794,Corporate,Mumbai,Maharashtra,West
10795,Customer_795,Home Office,Noida,Uttar Pradesh,North
10796,Customer_796,Home Office,Mumbai,Maharashtra,West
10797,Customer_797,Home Office,Pune,Maharashtra,West
10798,Customer_798,Consumer,Mumbai,Maharashtra,West
10799,Customer_799,Corporate,Bhubaneswar,Odisha,East
10800,Customer_800,Corporate,Bhubaneswar,Odisha,East
10801,Customer_801,Home Office,Bhubaneswar,Odisha,East
10802,Customer_802,Corporate,Bhubaneswar,Odisha,East
10803,Customer_803,Corporate,Noida,Uttar Pradesh,North
10804,Customer_804,Home Office,Pune,Maharashtra,West
10805,Customer_805,Consumer,Mumbai,Maharashtra,West
10806,Customer_806,Consumer,Mumbai,Maharashtra,West
10807,Customer_807,Consumer,Bhubaneswar,Odisha,East
10808,Customer_808,Home Office,Bhubaneswar,Odisha,East
10809,Customer_809,Corporate,Delhi,Delhi,North
10810,Customer_810,Home Office,Pune,Maharashtra,West
10811,Customer_811,Home Office,Noida,Uttar Pradesh,North
10812,Customer_812,Corporate,Mumbai,Maharashtra,West
10813,Customer_813,Consumer,Delhi,Delhi,North
10814,Customer_814,Consumer,Delhi,Delhi,North
10815,Customer_815,Home Office,Mumbai,Maharashtra,West
10816,Customer_816,Consumer,Noida,Uttar Pradesh,North
10817,Customer_817,Home Office,Delhi,Delhi,North
10818,Customer_818,Home Office,Delhi,Delhi,North
10819,Customer_819,Corporate,Pune,Maharashtra,West
10820,Customer_820,Corporate,Noida,Uttar Pradesh,North
10821,Customer_821,Corporate,Delhi,Delhi,North
10822,Customer_822,Home Office,Noida,Uttar Pradesh,North
10823,Customer_823,Corporate,Mumbai,Maharashtra,West
10824,Customer_824,Consumer,Bhubaneswar,Odisha,East
10825,Customer_825,Consumer,Delhi,Delhi,North
10826,Customer_826,Home Office,Pune,Maharashtra,West
10827,Customer_827,Home Office,Mumbai,Maharashtra,West
10828,Customer_828,Corporate,Noida,Uttar Pradesh,North
10829,Customer_829,Home Office,Mumbai,Maharashtra,West
10830,Customer_830,Home Office,Delhi,Delhi,North
10831,Customer_831,Consumer,Noida,Uttar Pradesh,North
10832,Customer_832,Consumer,Bhubaneswar,Odisha,East
10833,Customer_833,Corporate,Mumbai,Maharashtra,West
10834,Customer_834,Home Office,Delhi,Delhi,North
10835,Customer_835,Home Office,Pune,Maharashtra,West
10836,Customer_836,Consumer,Noida,Uttar Pradesh,North
10837,Customer_837,Home Office,Mumbai,Maharashtra,West
10838,Customer_838,Consumer,Mumbai,Maharashtra,West
10839,Customer_839,Corporate,Bhubaneswar,Odisha,East
10840,Customer_840,Consumer,Bhubaneswar,Odisha,East
10841,Customer_841,Home Office,Pune,Maharashtra,West
10842,Customer_842,Corporate,Pune,Maharashtra,West
10843,Customer_843,Consumer,Delhi,Delhi,North
10844,Customer_844,Consumer,Delhi,Delhi,North
10845,Customer_845,Corporate,Pune,Maharashtra,West
10846,Customer_846,Corporate,Pune,Maharashtra,West
10847,Customer_847,Consumer,Noida,Uttar Pradesh,North
10848,Customer_848,Home Office,Bhubaneswar,Odisha,East
10849,Customer_849,Consumer,Delhi,Delhi,North
10850,Customer_850,Corporate,Bhubaneswar,Odisha,East
10851,Customer_851,Consumer,Bhubaneswar,Odisha,East
10852,Customer_852,Corporate,Pune,Maharashtra,West
10853,Customer_853,Corporate,Noida,Uttar Pradesh,North
10854,Customer_854,Home Office,Mumbai,Maharashtra,West
10855,Customer_855,Corporate,Noida,Uttar Pradesh,North
10856,Customer_856,Corporate,Noida,Uttar Pradesh,North
10857,Customer_857,Home Office,Bhubaneswar,Odisha,East
10858,Customer_858,Corporate,Noida,Uttar Pradesh,North
10859,Customer_859,Home Office,Delhi,Delhi,North
10860,Customer_860,Home Office,Bhubaneswar,Odisha,East
10861,Customer_861,Corporate,Delhi,Delhi,North
10862,Customer_862,Corporate,Mumbai,Maharashtra,West
10863,Customer_863,Consumer,Bhubaneswar,Odisha,East
10864,Customer_864,Home Office,Mumbai,Maharashtra,West
10865,Customer_865,Consumer,Bhubaneswar,Odisha,East
10866,Customer_866,Corporate,Pune,Maharashtra,West
10867,Customer_867,Consumer,Noida,Uttar Pradesh,North
10868,Customer_868,Home Office,Pune,Maharashtra,West
10869,Customer_869,Consumer,Mumbai,Maharashtra,West
10870,Customer_870,Home Office,Noida,Uttar Pradesh,North
10871,Customer_871,Corporate,Bhubaneswar,Odisha,East
10872,Customer_872,Corporate,Noida,Uttar Pradesh,North
10873,Customer_873,Home Office,Delhi,Delhi,North
10874,Customer_874,Corporate,Noida,Uttar Pradesh,North
10875,Customer_875,Corporate,Delhi,Delhi,North
10876,Customer_876,Corporate,Noida,Uttar Pradesh,North
10877,Customer_877,Corporate,Delhi,Delhi,North
10878,Customer_878,Home Office,Mumbai,Maharashtra,West
10879,Customer_879,Consumer,Pune,Maharashtra,West
10880,Customer_880,Consumer,Bhubaneswar,Odisha,East
10881,Customer_881,Corporate,Noida,Uttar Pradesh,North
10882,Customer_882,Consumer,Pune,Maharashtra,West
10883,Customer_883,Consumer,Bhubaneswar,Odisha,East
10884,Customer_884,Corporate,Bhubaneswar,Odisha,East
10885,Customer_885,Corporate,Delhi,Delhi,North
10886,Customer_886,Consumer,Mumbai,Maharashtra,West
10887,Customer_887,Home Office,Mumbai,Maharashtra,West
10888,Customer_888,Corporate,Pune,Maharashtra,West
10889,Customer_889,Home Office,Mumbai,Maharashtra,West
10890,Customer_890,Consumer,Noida,Uttar Pradesh,North
10891,Customer_891,Corporate,Mumbai,Maharashtra,West
10892,Customer_892,Home Office,Pune,Maharashtra,West
10893,Customer_893,Corporate,Mumbai,Maharashtra,West
10894,Customer_894,Consumer,Noida,Uttar Pradesh,North
10895,Customer_895,Home Office,Delhi,Delhi,North
10896,Customer_896,Consumer,Pune,Maharashtra,West
10897,Customer_897,Consumer,Delhi,Delhi,North
10898,Customer_898,Corporate,Delhi,Delhi,North
10899,Customer_899,Home Office,Delhi,Delhi,North
10900,Customer_900,Consumer,Bhubaneswar,Odisha,East
10901,Customer_901,Consumer,Bhubaneswar,Odisha,East
10902,Customer_902,Home Office,Delhi,Delhi,North
10903,Customer_903,Consumer,Pune,Maharashtra,West
10904,Customer_904,Consumer,Noida,Uttar Pradesh,North
10905,Customer_905,Home Office,Noida,Uttar Pradesh,North
10906,Customer_906,Home Office,Mumbai,Maharashtra,West
10907,Customer_907,Home Office,Pune,Maharashtra,West
10908,Customer_908,Home Office,Bhubaneswar,Odisha,East
10909,Customer_909,Corporate,Delhi,Delhi,North
10910,Customer_910,Home Office,Mumbai,Maharashtra,West
10911,Customer_911,Corporate,Noida,Uttar Pradesh,North
10912,Customer_912,Corporate,Bhubaneswar,Odisha,East
10913,Customer_913,Corporate,Bhubaneswar,Odisha,East
10914,Customer_914,Consumer,Delhi,Delhi,North
10915,Customer_915,Corporate,Noida,Uttar Pradesh,North
10916,Customer_916,Corporate,Pune,Maharashtra,West
10917,Customer_917,Consumer,Bhubaneswar,Odisha,East
10918,Customer_918,Consumer,Delhi,Delhi,North
10919,Customer_919,Consumer,Pune,Maharashtra,West
10920,Customer_920,Home Office,Noida,Uttar Pradesh,North
10921,Customer_921,Consumer,Bhubaneswar,Odisha,East
10922,Customer_922,Consumer,Pune,Maharashtra,West
10923,Customer_923,Corporate,Pune,Maharashtra,West
10924,Customer_924,Consumer,Pune,Maharashtra,West
10925,Customer_925,Home Office,Bhubaneswar,Odisha,East
10926,Customer_926,Consumer,Bhubaneswar,Odisha,East
10927,Customer_927,Home Office,Mumbai,Maharashtra,West
10928,Customer_928,Consumer,Noida,Uttar Pradesh,North
10929,Customer_929,Consumer,Delhi,Delhi,North
10930,Customer_930,Consumer,Pune,Maharashtra,West
10931,Customer_931,Consumer,Mumbai,Maharashtra,West
10932,Customer_932,Home Office,Delhi,Delhi,North
10933,Customer_933,Home Office,Mumbai,Maharashtra,West
10934,Customer_934,Corporate,Bhubaneswar,Odisha,East
10935,Customer_935,Home Office,Pune,Maharashtra,West
10936,Customer_936,Consumer,Delhi,Delhi,North
10937,Customer_937,Corporate,Delhi,Delhi,North
10938,Customer_938,Corporate,Delhi,Delhi,North
10939,Customer_939,Corporate,Delhi,Delhi,North
10940,Customer_940,Consumer,Delhi,Delhi,North
10941,Customer_941,Home Office,Mumbai,Maharashtra,West
10942,Customer_942,Consumer,Pune,Maharashtra,West
10943,Customer_943,Corporate,Bhubaneswar,Odisha,East
10944,Customer_944,Consumer,Bhubaneswar,Odisha,East
10945,Customer_945,Consumer,Bhubaneswar,Odisha,East
10946,Customer_946,Home Office,Bhubaneswar,Odisha,East
10947,Customer_947,Home Office,Mumbai,Maharashtra,West
10948,Customer_948,Corporate,Noida,Uttar Pradesh,North
10949,Customer_949,Consumer,Pune,Maharashtra,West
10950,Customer_950,Consumer,Delhi,Delhi,North
10951,Customer_951,Home Office,Noida,Uttar Pradesh,North
10952,Customer_952,Consumer,Bhubaneswar,Odisha,East
10953,Customer_953,Consumer,Noida,Uttar Pradesh,North
10954,Customer_954,Consumer,Pune,Maharashtra,West
10955,Customer_955,Home Office,Delhi,Delhi,North
10956,Customer_956,Corporate,Delhi,Delhi,North
10957,Customer_957,Corporate,Pune,Maharashtra,West
10958,Customer_958,Consumer,Pune,Maharashtra,West
10959,Customer_959,Corporate,Bhubaneswar,Odisha,East
10960,Customer_960,Home Office,Delhi,Delhi,North
10961,Customer_961,Home Office,Noida,Uttar Pradesh,North
10962,Customer_962,Corporate,Mumbai,Maharashtra,West
10963,Customer_963,Corporate,Mumbai,Maharashtra,West
10964,Customer_964,Consumer,Pune,Maharashtra,West
10965,Customer_965,Corporate,Bhubaneswar,Odisha,East
10966,Customer_966,Consumer,Mumbai,Maharashtra,West
10967,Customer_967,Consumer,Delhi,Delhi,North
10968,Customer_968,Home Office,Pune,Maharashtra,West
10969,Customer_969,Home Office,Noida,Uttar Pradesh,North
10970,Customer_970,Home Office,Pune,Maharashtra,West
10971,Customer_971,Home Office,Noida,Uttar Pradesh,North
10972,Customer_972,Corporate,Pune,Maharashtra,West
10973,Customer_973,Home Office,Pune,Maharashtra,West
10974,Customer_974,Corporate,Pune,Maharashtra,West
10975,Customer_975,Home Office,Noida,Uttar Pradesh,North
10976,Customer_976,Corporate,Noida,Uttar Pradesh,North
10977,Customer_977,Consumer,Pune,Maharashtra,West
10978,Customer_978,Corporate,Mumbai,Maharashtra,West
10979,Customer_979,Corporate,Bhubaneswar,Odisha,East
10980,Customer_980,Home Office,Bhubaneswar,Odisha,East
10981,Customer_981,Corporate,Bhubaneswar,Odisha,East
10982,Customer_982,Consumer,Noida,Uttar Pradesh,North
10983,Customer_983,Consumer,Noida,Uttar Pradesh,North
10984,Customer_984,Home Office,Mumbai,Maharashtra,West
10985,Customer_985,Consumer,Bhubaneswar,Odisha,East
10986,Customer_986,Corporate,Bhubaneswar,Odisha,East
10987,Customer_987,Consumer,Pune,Maharashtra,West
10988,Customer_988,Home Office,Noida,Uttar Pradesh,North
10989,Customer_989,Corporate,Bhubaneswar,Odisha,East
10990,Customer_990,Home Office,Mumbai,Maharashtra,West
10991,Customer_991,Corporate,Mumbai,Maharashtra,West
10992,Customer_992,Consumer,Bhubaneswar,Odisha,East
10993,Customer_993,Home Office,Noida,Uttar Pradesh,North
10994,Customer_994,Home Office,Mumbai,Maharashtra,West
10995,Customer_995,Corporate,Pune,Maharashtra,West
10996,Customer_996,Home Office,Mumbai,Maharashtra,West
10997,Customer_997,Corporate,Delhi,Delhi,North
10998,Customer_998,Corporate,Delhi,Delhi,North
10999,Customer_999,Corporate,Noida,Uttar Pradesh,North
11000,Customer_1000,Corporate,Bhubaneswar,Odisha,East
